{
    "s1": [
        ["EEGB101","Taller de Reflexión I: Práctica e Identidad Docente I", "4 SCT", [], 1, "#E087C9", "TODAS"],
        ["EEGB102","Alfabetización en las Ciencias Sociales", "4 SCT", [], 1, "#FCF09F", "TODAS"],
        ["EEGB103","Enseñanza del Mundo que nos Rodea", "4 SCT", [], 1, "#8DE0A6", "TODAS"],
        ["EEGB104","Resignificación de la Actividad Matemática Escolar", "4 SCT", [], 1, "#4EB3DE", "TODAS"],
        ["EEGB105","Bases para el Aprendizaje de la Lengua y la Literatura", "4 SCT", [], 1, "#F27C7C", "TODAS"],
        ["EEGB106","Infancia y Educación", "4 SCT", [], 1, "#F0AB74", "TODAS"],
        ["EEGB107","Fortalecimiento del Aprendizaje I", "5 SCT", [], 1, "#F0AB74", "TODAS"]
    ],
    "s2": [
        ["EEGB201","Taller de Reflexión II: Práctica e Identidad Docente II", "4 SCT", ["EEGB101"], 2, "#E087C9", "TODAS"],
        ["EGB202","Enfoques Didácticos de las Ciencias Sociales", "4 SCT", [], 2, "#FCF09F", "TODAS"],
        ["EGB203","Aprendizaje de la Nutrición y sus Transformaciones Energéticas", "4 SCT", [], 2, "#8DE0A6", "TODAS"],
        ["EEGB204","Aprendizaje del Número Natural y sus Operaciones", "4 SCT", [], 2, "#4EB3DE", "TODAS"],
        ["EEGB205","Modelos y Métodos de Lectoescritura Inicial", "4 SCT", ["EEGB105"], 2, "#F27C7C", "TODAS"],
        ["EEGB206","TIC para la Educación Básica", "3 SCT", ["EEGB105"], 2, "#F0AB74", "TODAS"],
        ["FPED310","Análisis Crítico del Currículum", "4 SCT", [], 2, "#F0AB74", "TODAS"],
        ["EEGB207","Educación Socioemocional y Salud Profesional I", "3 SCT", [], 2, "#F0AB74", "TODAS"],
        ["FPED215","Desarrollo y Aprendizaje del Niño/a", "4 SCT", [], 2, "#F0AB74", "TODAS"]
    ],
    "s3": [
        ["EEGB301","Práctica I Aprendizaje y Enseñanza", "5 SCT", ["EEGB201"], 3, "#E087C9", "TODAS"],
        ["EEGB302","Geografía, sus Niveles y su Construcción Didáctica", "4 SCT", [], 3, "#FCF09F", "TODAS"],
        ["EEGB303","Aprendizaje de los Organismos y sus Subsistemas", "4 SCT", [], 3, "#8DE0A6", "TODAS"],
        ["EEGB304","Aprendizaje del número racional y sus significados", "4 SCT", [], 3, "#4EB3DE", "TODAS"],
        ["EEGB305","Comprensión de textos orales, escritos y multimodales", "4 SCT", [], 3, "#F27C7C", "TODAS"],
        ["EEGB306","Educación Socioemocional y Salud Profesional II", "3 SCT", ["EEGB207"], 3, "#F0AB74", "TODAS"],
        ["S1","Segundo Idioma I", "4 SCT", [], 3, "#F0AB74", "TODAS"]
    ],
    "s4": [
        ["EEGB401","Práctica II Aprendizaje y enseñanza", "5 SCT", ["EEGB301"], 4, "#E087C9", "TODAS"],
        ["EEGB402","Historia comparada y su didáctica I", "4 SCT", [], 4, "#FCF09F", "TODAS"],
        ["EEGB403","Aprendizaje de la Diversidad Biológica", "4 SCT", ["EGB203"], 4, "#8DE0A6", "TODAS"],
        ["EEGB406","Aprendizaje del Espacio y la Medida", "4 SCT", [], 4, "#4EB3DE", "TODAS"],
        ["EEGB405","Producción de textos orales, escritos y multimodales", "4 SCT", ["EEGB305"], 4, "#F27C7C", "TODAS"],
        ["FPED405","Evaluación de Aprendizajes", "4 SCT", ["FPED310"], 4, "#F0AB74", "TODAS"],
        ["S2","Segundo Idioma II", "4 SCT", ["S1"], 4, "#F0AB74", "TODAS"]
    ],
    "s5": [
        ["EEGB501","Práctica III: integración curricular multidisciplinar", "8 SCT", ["EEGB401"], 5, "#E087C9", "TODAS"],
        ["EEGB502","Historia comparada y su didáctica II", "4 SCT", ["EEGB402"], 5, "#FCF09F", "TODAS"],
        ["EEGB503","Aprendizaje de La Tierra y su posición en el Universo", "4 SCT", [], 5, "#8DE0A6", "TODAS"],
        ["EEGB504","Desarrollo del pensamiento estadístico y probabilístico y su didáctica", "4 SCT", ["EEGB304"], 5, "#4EB3DE", "TODAS"],
        ["EEGB505","Desarrollo de la Conciencia Linguística de la Lengua Española", "4 SCT", [], 5, "#F27C7C", "TODAS"],
        ["FPED507","Diversidad e Inclusión en la Acción Pedagógica", "4 SCT", ["EEGB306"], 5, "#F0AB74", "TODAS"],
        ["S3","Segundo Idioma III", "4 SCT", ["S2"], 5, "#F0AB74", "TODAS"]
    ],
    "s6": [
        ["EEGB601","Práctica IV Diversidad e inclusión", "10 SCT", ["EEGB501"], 6, "#E087C9", "TODAS"],
        ["EEGB602","Educación Patrimonial y Ciudadanía", "4 SCT", [], 6, "#FCF09F", "TODAS"],
        ["EEGB604","Desarrollo del pensamiento algebraico y su didáctica", "4 SCT", ["EEGB304"], 6, "#4EB3DE", "TODAS"],
        ["EEGB605","Educación literaria y formación de audiencias lectoras", "4 SCT", [], 6, "#F27C7C", "TODAS"],
        ["EEGB606","Educación Familia Y Comunidad", "4 SCT", [], 6, "#F0AB74", "TODAS"],
        ["EEGB607","Fortalecimiento del aprendizaje II", "2 SCT", [], 6, "#F0AB74", "TODAS"]
    ],
    "s7": [
        ["EEGB701","Práctica V: Aprendizaje y enseñanza en otros escenarios educativos", "10 SCT", [], 7, "#E087C9", "TODAS"],
        ["EEGB702","La enseñanza del tiempo presente/reciente", "4 SCT", [], 7, "#FCF09F", "CIENCIAS SOCIALES"],
        ["EEGB703","Pedagogía de la Memoria y los DD.HH", "4 SCT", [], 7, "#FCF09F", "CIENCIAS SOCIALES"],
        ["EEGB704","Conflictos territoriales contemporáneos: perspectivas didácticas de la Historia y la Geografía", "4 SCT", [], 7, "#FCF09F", "CIENCIAS SOCIALES"],
        ["EEGB705","Didáctica del Patrimonio: comunidades e Historia local", "4 SCT", ["EEGB602"], 7, "#FCF09F", "CIENCIAS SOCIALES"],
        ["EEGB603","Didáctica de las Ciencias Naturales para el aula de Educación Básica", "4 SCT", [], 7, "#8DE0A6", "CIENCIAS NATURALES"],
        ["FPED702","Investigación Educacional I", "4 SCT", [], 7, "#F0AB74", "TODAS"],
        ["EEGB706","Evaluación para la Educación en Ciencias", "4 SCT", [], 7, "#8DE0A6", "CIENCIAS NATURALES"],
        ["EEGB707","Educación y Medioambiente", "6 SCT", [], 7, "#8DE0A6", "CIENCIAS NATURALES"],
        ["EEGB708","Las Ciencias Naturales en el entorno escolar", "6 SCT", [], 7, "#8DE0A6", "CIENCIAS NATURALES"],
        ["EEGB709","Perspectivas emergentes en Educación Matemática", "4 SCT", ["EEGB504", "EEGB406", "EEGB304"], 7, "#4EB3DE", "MATEMÁTICA"],
        ["EEGB710","Evaluación para el aprendizaje en Educación Matemática", "4 SCT", ["EEGB304", "EEGB406", "EEGB504"], 7, "#4EB3DE", "MATEMÁTICA"],
        ["EEGB711","Diversidad e Inclusión en Didáctica de la Matemática", "4 SCT", ["EEGB304", "EEGB406", "EEGB504"], 7, "#4EB3DE", "MATEMÁTICA"],
        ["EEGB712","Dimensión afectiva en Educación Matemática", "4 SCT", [], 7, "#4EB3DE", "MATEMÁTICA"],
        ["EEGB713","Lectura crítica de los Medios Masivos de Comunicación", "4 SCT", [], 7, "#F27C7C", "LENGUA Y LITERATURA"],
        ["EEGB714","Didáctica de la Lengua y la Literatura", "4 SCT", [], 7, "#F27C7C", "LENGUA Y LITERATURA"],
        ["EEGB715","Multimodalidad: Nuevos escenarios para el texto y la comprensión", "4 SCT", [], 7, "#F27C7C", "LENGUA Y LITERATURA"],
        ["EEGB716","Experiencias lectoras nuevas escrituras y diversidades", "4 SCT", ["EEGB605"], 7, "#F27C7C", "LENGUA Y LITERATURA"]
    ],
    "s8": [
        ["EEGB801","Arte para la Educación", "6 SCT", [], 8, "#F0AB74", "TODAS"],
        ["EEGB802","Proyecto de Formación para la ciudadanía", "4 SCT", [], 8, "#FCF09F", "CIENCIAS SOCIALES"],
        ["EEGB803","Población migración y fenómenos geográficos-sociales", "4 SCT", [], 8, "#FCF09F", "CIENCIAS SOCIALES"],
        ["EEGB804","Estrategias para la articulación curricular en Ciencias Sociales", "4 SCT", [], 8, "#FCF09F", "CIENCIAS SOCIALES"],
        ["EEGB805","Investigación Educacional II", "4 SCT", ["FPED702"], 8, "#F0AB74", "TODAS"],
        ["EEGB806","Proyecto de Medioambiente para la Educación", "6 SCT", ["EEGB707"], 8, "#8DE0A6", "CIENCIAS NATURALES"],
        ["EEGB807","Enseñanza de las Ciencias Naturales y su transversalidad", "6 SCT", ["EEGB708"], 8, "#8DE0A6", "CIENCIAS NATURALES"],
        ["EEGB809","Resolución de problemas y juego en el aula de matemática", "6 SCT", ["EEGB304", "EEGB406", "EEGB504"], 8, "#4EB3DE", "MATEMÁTICA"],
        ["EEGB810","Cambios paradigmáticos de lo humano y desafíos para la Educación Matemática", "6 SCT", ["EEGB709"], 8, "#4EB3DE", "MATEMÁTICA"],
        ["EEGB812","Nuevas prácticas y educación de la literatura", "4 SCT", [], 8, "#F27C7C", "LENGUA Y LITERATURA"],
        ["EEGB813","Evaluación de procesos de aprendizaje en Lengua y Literatura", "4 SCT", [], 8, "#F27C7C", "LENGUA Y LITERATURA"],
        ["EEGB814","Prácticas y recursos teatrales para la educación", "4 SCT", [], 8, "#F27C7C", "LENGUA Y LITERATURA"]
    ],
    "s9": [
        ["EEGB901","Práctica Final I: Educación y Familia", "22 SCT", ["TODOS LOS RAMOS HASTA 8 SEMESTRE"], 9, "#E087C9", "TODAS"],
        ["EEGB902","Seminario de Intervención didáctica en la Mención I", "4 SCT", ["TODOS LOS RAMOS HASTA 8 SEMESTRE"], 9, "#F0AB74", "TODAS"],
        ["EEGB903","Fortalecimiento de competencias de egreso", "4 SCT", [], 9, "#F0AB74", "TODAS"]
    ],
    "s10": [
        ["EEGBX01","Práctica Final II: Educación y Comunidad", "22 SCT", ["EEGB901"], 10, "#E087C9", "TODAS"],
        ["EEGBX02","Seminario de Intervención didáctica en la Mención II", "8 SCT", ["TODOS LOS RAMOS HASTA 8 SEMESTRE"], 10, "#F0AB74", "TODAS"]
    ]
}
